"id","slot_date","slot_time_utc","filled","recipient_id","created_at","updated_at","sent"
"00570eac-4b62-4588-8bee-7868caebc46f","""2025-12-03T00:00:00.000Z""","""2025-12-03T14:14:00.000Z""","true","35d24d96-6273-434a-a9de-a6bddbedfe4f","""2025-12-01T00:00:01.704Z""","""2025-12-01T00:00:01.704Z""","false"
"00973cf6-228e-4c63-bfc1-4e878b4f3b6d","""2025-11-29T00:00:00.000Z""","""2025-11-29T21:36:00.000Z""","true","20ff96c2-8ac4-423c-8ed7-71719663872f","""2025-11-27T10:06:09.210Z""","""2025-11-27T10:06:09.210Z""","true"
"00e8adea-630d-48a2-8788-ad19c1c2d904","""2025-11-28T00:00:00.000Z""","""2025-11-28T23:53:00.000Z""","true","14b4c8be-e2f7-4ea6-9ffe-17f160efe950","""2025-11-27T10:06:08.002Z""","""2025-11-27T10:06:08.002Z""","true"
"06a77da5-559b-4c1b-a780-f921de1ef9bc","""2025-11-27T00:00:00.000Z""","""2025-11-27T22:07:00.000Z""","true","07bca38a-fbef-4312-b3cd-887689acd4c0","""2025-11-27T10:06:06.255Z""","""2025-11-27T10:06:06.255Z""","true"
"0700f899-7dd6-4f12-92af-a9c5b7cb6947","""2025-12-04T00:00:00.000Z""","""2025-12-04T14:20:00.000Z""","true","f0dfc217-f658-4411-ac07-4747c9ebe256","""2025-12-02T00:00:11.382Z""","""2025-12-02T00:00:11.382Z""","false"
"080d9b20-2d0a-4c31-a07b-a69195863354","""2025-12-03T00:00:00.000Z""","""2025-12-03T19:59:00.000Z""","true","82c32c2b-121e-4e1a-b51d-9646d29653e1","""2025-12-01T00:00:02.963Z""","""2025-12-01T00:00:02.963Z""","false"
"0853d586-6769-46a0-98b5-fc0236ae6377","""2025-11-29T00:00:00.000Z""","""2025-11-29T19:18:00.000Z""","true","1db94ca1-75a7-492f-9979-24abdf9347bc","""2025-11-27T10:06:08.856Z""","""2025-11-27T10:06:08.856Z""","true"
"0a7c32cb-6a41-4204-a7a1-43ea3c21d0fb","""2025-12-03T00:00:00.000Z""","""2025-12-03T23:31:00.000Z""","true","6641ce24-ce1b-4dea-80b3-32242f44233c","""2025-12-01T00:00:03.734Z""","""2025-12-01T00:00:03.734Z""","false"
"0a99a168-743b-44aa-bb98-3a7b52af17df","""2025-12-04T00:00:00.000Z""","""2025-12-04T15:09:00.000Z""","true","7232720a-441e-4ff8-841e-d235fee7916e","""2025-12-02T00:00:11.568Z""","""2025-12-02T00:00:11.568Z""","false"
"0bf19c23-fd24-458f-9bbe-2dd30290d61e","""2025-12-03T00:00:00.000Z""","""2025-12-03T21:12:00.000Z""","true","9fb19575-93f8-46d9-a2ef-58afdafe65b8","""2025-12-01T00:00:03.218Z""","""2025-12-01T00:00:03.218Z""","false"
"0c93b819-bbfa-48a4-ab1f-1e7849cd4574","""2025-12-03T00:00:00.000Z""","""2025-12-03T22:22:00.000Z""","true","542cd596-281a-4f27-94a9-44a446e2e06c","""2025-12-01T00:00:03.470Z""","""2025-12-01T00:00:03.470Z""","false"
"0fc5aae5-03a8-43ea-8100-5f794b5fc4f1","""2025-11-28T00:00:00.000Z""","""2025-11-28T19:17:00.000Z""","true","0fe8d9e0-eb3c-494e-8fc8-0a0cc6dc6cf1","""2025-11-27T10:06:07.364Z""","""2025-11-27T10:06:07.364Z""","true"
"10aa8a09-3114-46ab-8573-9c07412924fc","""2025-11-29T00:00:00.000Z""","""2025-11-29T17:39:00.000Z""","true","1c937469-a80a-448e-abe8-80eb062fd9b6","""2025-11-27T10:06:08.601Z""","""2025-11-27T10:06:08.601Z""","true"
"114501c0-b178-4a88-9212-a06069ae3b53","""2025-11-27T00:00:00.000Z""","""2025-11-27T16:51:00.000Z""","true","02dfbbd8-fe84-476a-9e7e-b31c51f93c2a","""2025-11-27T10:06:05.486Z""","""2025-11-27T10:06:05.486Z""","true"
"117aec74-ca03-4da9-8692-5f23a7725662","""2025-12-01T00:00:00.000Z""","""2025-12-01T16:11:00.000Z""","true","909a49c9-0b94-4d62-9eed-6de23ae575d1","""2025-11-29T00:00:22.911Z""","""2025-11-29T00:00:22.911Z""","true"
"121007f7-c0a2-4288-bd36-999338623473","""2025-11-29T00:00:00.000Z""","""2025-11-29T18:49:00.000Z""","true","1d5806d5-cd9d-404a-a33f-5dca1576a9ba","""2025-11-27T10:06:08.771Z""","""2025-11-27T10:06:08.771Z""","true"
"132b4d91-64c9-4f33-a0ef-91e74e3d64c9","""2025-12-04T00:00:00.000Z""","""2025-12-04T21:01:00.000Z""","true","82552d4e-9d51-4165-93df-0e5eb1fd4492","""2025-12-02T00:00:12.869Z""","""2025-12-02T00:00:12.869Z""","false"
"1b5090e7-3cd9-4e23-b1a6-91be50b308be","""2025-12-01T00:00:00.000Z""","""2025-12-01T14:17:00.000Z""","true","72ea1f8e-50c1-41c0-a2ef-5e5100da177d","""2025-11-29T00:00:22.486Z""","""2025-11-29T00:00:22.486Z""","true"
"1ec79395-19df-4fb6-ae70-9cd6187966a2","""2025-11-29T00:00:00.000Z""","""2025-11-29T22:22:00.000Z""","true","22d89382-abe6-41f2-ae11-e4bdbb7b9671","""2025-11-27T10:06:09.339Z""","""2025-11-27T10:06:09.339Z""","true"
"20f55bb2-d8cd-48e7-9d28-6f3584088ea6","""2025-12-01T00:00:00.000Z""","""2025-12-01T19:21:00.000Z""","true","26704a72-a556-4fa8-89d7-e373c7947c67","""2025-11-29T00:00:23.578Z""","""2025-11-29T00:00:23.578Z""","true"
"217017d6-6405-45c3-8d1f-f5d5c16b2de0","""2025-12-03T00:00:00.000Z""","""2025-12-03T22:40:00.000Z""","true","4244ff4e-c376-459e-bead-48d9c4f24511","""2025-12-01T00:00:03.533Z""","""2025-12-01T00:00:03.533Z""","false"
"2170d88e-f031-4e2c-bba8-c8304f5ca4c4","""2025-12-03T00:00:00.000Z""","""2025-12-03T17:47:00.000Z""","true","29e4f02e-433f-4557-a186-33bf5482bf2c","""2025-12-01T00:00:02.457Z""","""2025-12-01T00:00:02.457Z""","false"
"218396fb-f494-4d28-bcfc-55748f57d8b2","""2025-12-04T00:00:00.000Z""","""2025-12-04T17:41:00.000Z""","true","62623004-74e5-4d4a-b582-494245952e2a","""2025-12-02T00:00:12.127Z""","""2025-12-02T00:00:12.127Z""","false"
"21c0502d-45e2-44e1-a657-372093b61ef0","""2025-11-27T00:00:00.000Z""","""2025-11-27T14:00:00.000Z""","true","00744c09-1f1b-4d33-b9f7-45dfed570e48","""2025-11-27T10:06:05.047Z""","""2025-11-27T10:06:05.047Z""","true"
"23d6484b-e5c8-457d-85d7-0996b3bec9fc","""2025-12-04T00:00:00.000Z""","""2025-12-04T19:05:00.000Z""","true","93c92a06-1e18-4074-9bd1-19ab0cf24754","""2025-12-02T00:00:12.437Z""","""2025-12-02T00:00:12.437Z""","false"
"23e9241d-81bb-40df-96a0-3c698f924e64","""2025-12-02T00:00:00.000Z""","""2025-12-02T17:50:00.000Z""","true","a374d035-8f77-48ba-b9a4-342190821341","""2025-11-30T00:00:42.986Z""","""2025-11-30T00:00:42.986Z""","false"
"244ee8f7-1e8b-442f-a134-9a67f0f98e3d","""2025-11-29T00:00:00.000Z""","""2025-11-29T19:03:00.000Z""","true","1dafa806-66a5-4b1f-b297-d559f21b77c0","""2025-11-27T10:06:08.814Z""","""2025-11-27T10:06:08.814Z""","true"
"24c22fbc-e199-460a-b9d0-43f3e4a7fb96","""2025-11-27T00:00:00.000Z""","""2025-11-27T23:32:00.000Z""","true","0a1c4471-8f4d-4ea2-a79e-aed215cf5012","""2025-11-27T10:06:06.467Z""","""2025-11-27T10:06:06.467Z""","true"
"24e2bb10-1ecb-497e-9100-5116b789805e","""2025-12-03T00:00:00.000Z""","""2025-12-03T21:30:00.000Z""","true","2cd27ad5-edd6-4690-975d-d9f877075f32","""2025-12-01T00:00:03.281Z""","""2025-12-01T00:00:03.281Z""","false"
"25ec9c81-5b69-4b9d-9b47-58e208c569ea","""2025-12-04T00:00:00.000Z""","""2025-12-04T23:19:00.000Z""","true","8800ea8f-5657-47b7-b401-b4cea2a1d8c2","""2025-12-02T00:00:13.361Z""","""2025-12-02T00:00:13.361Z""","false"
"272241ac-ee92-483e-bdf0-ee5e58a8cf91","""2025-11-28T00:00:00.000Z""","""2025-11-28T18:09:00.000Z""","true","0ef7b8a5-e7c2-45b6-95e8-b6ba5d072ebe","""2025-11-27T10:06:07.193Z""","""2025-11-27T10:06:07.193Z""","true"
"2759d73b-91d4-4ef3-8f69-6605550b255e","""2025-12-02T00:00:00.000Z""","""2025-12-02T21:02:00.000Z""","true","54fbc7c2-8c1e-44e7-87a8-a96b86cd34f9","""2025-11-30T00:00:43.693Z""","""2025-11-30T00:00:43.693Z""","false"
"2a533322-aecf-45ae-b73a-498c32c7cac6","""2025-11-27T00:00:00.000Z""","""2025-11-27T22:40:00.000Z""","true","08965191-936e-4f26-b0a3-f4767d517d2c","""2025-11-27T10:06:06.341Z""","""2025-11-27T10:06:06.341Z""","true"
"2a5a86f3-3ca6-499f-9d8d-3ac6f9160114","""2025-12-04T00:00:00.000Z""","""2025-12-04T14:34:00.000Z""","true","3d898fae-e374-4ea3-98d4-7a7623d86f56","""2025-12-02T00:00:11.444Z""","""2025-12-02T00:00:11.444Z""","false"
"2a6cfc0f-543a-4ae8-b7f9-78b2b8cd0673","""2025-12-03T00:00:00.000Z""","""2025-12-03T22:05:00.000Z""","true","b6f80076-d6cd-4fb9-9589-513c685a7d55","""2025-12-01T00:00:03.407Z""","""2025-12-01T00:00:03.407Z""","false"
"2b50afd7-f63e-444e-8557-975c74fbae1d","""2025-12-02T00:00:00.000Z""","""2025-12-02T14:00:00.000Z""","true","d5b9e6b8-15c5-439b-9a83-1e0cc10bf312","""2025-11-30T00:00:42.102Z""","""2025-11-30T00:00:42.102Z""","true"
"2b640404-5a79-4301-b58c-090c102aebca","""2025-12-02T00:00:00.000Z""","""2025-12-02T18:41:00.000Z""","true","2867a8e7-516d-4a49-8d26-12ecb9039f72","""2025-11-30T00:00:43.186Z""","""2025-11-30T00:00:43.186Z""","false"
"2c245d7c-1df5-4d49-8ae2-99476a4b1da5","""2025-12-01T00:00:00.000Z""","""2025-12-01T19:56:00.000Z""","true","55156776-45d1-4228-a88b-7eb2a23736aa","""2025-11-29T00:00:23.702Z""","""2025-11-29T00:00:23.702Z""","true"
"2e877687-5372-4420-bbc3-d34b4b6bd04b","""2025-12-02T00:00:00.000Z""","""2025-12-02T16:47:00.000Z""","true","3800bd60-ddac-4872-9bbd-1eb824120b62","""2025-11-30T00:00:42.734Z""","""2025-11-30T00:00:42.734Z""","false"
"304aa438-ce0d-42fe-90af-ca81fc22a6ba","""2025-12-04T00:00:00.000Z""","""2025-12-04T17:27:00.000Z""","true","d90b5890-72d1-4101-9aba-b673a5e0f1f0","""2025-12-02T00:00:12.065Z""","""2025-12-02T00:00:12.065Z""","false"
"30b65001-4484-4b50-ad03-597ed4a130b2","""2025-12-03T00:00:00.000Z""","""2025-12-03T21:45:00.000Z""","true","8107146a-72e7-4758-a498-df1128c9f087","""2025-12-01T00:00:03.344Z""","""2025-12-01T00:00:03.344Z""","false"
"3230661a-de25-43f7-b991-5fe42ff95b0e","""2025-12-03T00:00:00.000Z""","""2025-12-03T19:07:00.000Z""","true","c62ce498-46f4-41ba-aec3-1e2c48b4ce4a","""2025-12-01T00:00:02.774Z""","""2025-12-01T00:00:02.774Z""","false"
"33632a40-fe41-40b4-a908-7a4d01a8e833","""2025-12-04T00:00:00.000Z""","""2025-12-04T20:10:00.000Z""","true","adf4e478-bac0-4bf1-aecf-03498029e10b","""2025-12-02T00:00:12.684Z""","""2025-12-02T00:00:12.684Z""","false"
"337f126a-a6bd-4db5-988c-5559c145e2a8","""2025-12-02T00:00:00.000Z""","""2025-12-02T18:59:00.000Z""","true","2c0b7828-a8bd-467d-ae68-c9c7e901c886","""2025-11-30T00:00:43.251Z""","""2025-11-30T00:00:43.251Z""","false"
"375bf1ea-7cda-41d8-a0e6-1bbdf6e8ebb2","""2025-12-02T00:00:00.000Z""","""2025-12-02T16:28:00.000Z""","true","a29182e4-77e7-429a-9c7d-f4cdbdde84a3","""2025-11-30T00:00:42.671Z""","""2025-11-30T00:00:42.671Z""","false"
"3839b17b-563f-42c9-98fb-31ca7a8e782c","""2025-11-28T00:00:00.000Z""","""2025-11-28T16:20:00.000Z""","true","0df0cd76-5544-422e-a760-3781001031aa","""2025-11-27T10:06:06.898Z""","""2025-11-27T10:06:06.898Z""","true"
"386e0c0a-a3c9-4dcd-ba27-037564d73992","""2025-12-04T00:00:00.000Z""","""2025-12-04T15:29:00.000Z""","true","5eaa75a2-1300-4ba8-a372-4b5eb6e78224","""2025-12-02T00:00:11.631Z""","""2025-12-02T00:00:11.631Z""","false"
"3b85981f-75ac-41c6-8d1a-a556d899ade1","""2025-12-03T00:00:00.000Z""","""2025-12-03T18:53:00.000Z""","true","dbf5cf9e-25f4-4e5d-811b-4a66b5c7ae96","""2025-12-01T00:00:02.712Z""","""2025-12-01T00:00:02.712Z""","false"
"3b8def3c-5bcc-42e5-a5b1-a60a5a16e1a3","""2025-12-04T00:00:00.000Z""","""2025-12-04T18:51:00.000Z""","true","af669bbd-da73-4bfb-9048-e9cca2e0faa4","""2025-12-02T00:00:12.375Z""","""2025-12-02T00:00:12.375Z""","false"
"3e69fc60-8189-4423-abef-1dd08f98fd5f","""2025-12-02T00:00:00.000Z""","""2025-12-02T21:36:00.000Z""","true","2aa22b25-b151-4722-bcce-942325771069","""2025-11-30T00:00:43.820Z""","""2025-11-30T00:00:43.820Z""","false"
"40549df9-e621-4139-b992-1941130abf12","""2025-11-28T00:00:00.000Z""","""2025-11-28T17:05:00.000Z""","true","0e929068-4f1c-4620-a8f8-08683daa6de6","""2025-11-27T10:06:07.025Z""","""2025-11-27T10:06:07.025Z""","true"
"42ee32f7-b11a-4841-9298-0eed3f87b72e","""2025-12-03T00:00:00.000Z""","""2025-12-03T20:36:00.000Z""","true","624fdcaa-d26d-460f-84a1-b2596ff511ee","""2025-12-01T00:00:03.092Z""","""2025-12-01T00:00:03.092Z""","false"
"43d4e69d-811e-4a46-899e-5e491adad2a4","""2025-11-28T00:00:00.000Z""","""2025-11-28T18:23:00.000Z""","true","0f50ffc3-8b67-4f1c-a560-b7416c16aa06","""2025-11-27T10:06:07.236Z""","""2025-11-27T10:06:07.236Z""","true"
"457705a2-54ae-4b75-8b3b-2f5264d93ead","""2025-12-03T00:00:00.000Z""","""2025-12-03T14:32:00.000Z""","true","748e2271-6138-4baf-b173-9946270f03d7","""2025-12-01T00:00:01.767Z""","""2025-12-01T00:00:01.767Z""","false"
"45cded55-6f0e-44a3-9cd4-ff925b9cc5c7","""2025-12-02T00:00:00.000Z""","""2025-12-02T18:27:00.000Z""","true","7eed8509-805e-40eb-8068-60d6acfd3da2","""2025-11-30T00:00:43.124Z""","""2025-11-30T00:00:43.124Z""","false"
"46049a5c-83e5-4296-96fc-eaf6b342be7c","""2025-11-29T00:00:00.000Z""","""2025-11-29T14:32:00.000Z""","true","17e53f86-5f46-4a65-8289-2736ae010c19","""2025-11-27T10:06:08.131Z""","""2025-11-27T10:06:08.131Z""","true"
"4769dabb-91bb-40c6-91cd-5e3b35b35a77","""2025-11-28T00:00:00.000Z""","""2025-11-28T19:00:00.000Z""","true","0fbb42a4-e223-46e6-b05c-cf6539cc2da2","""2025-11-27T10:06:07.322Z""","""2025-11-27T10:06:07.322Z""","true"
"48451a83-5f3a-4d78-b36e-8688bbb988e0","""2025-12-04T00:00:00.000Z""","""2025-12-04T16:37:00.000Z""","true","660d1feb-e4cf-4764-8752-05965fe770fe","""2025-12-02T00:00:11.879Z""","""2025-12-02T00:00:11.879Z""","false"
"495c3010-3c9a-49e4-97db-2c86b9c2d1a3","""2025-12-02T00:00:00.000Z""","""2025-12-02T22:40:00.000Z""","true","7d2f88cf-c798-4764-b3b5-031fd4134b7b","""2025-11-30T00:00:44.072Z""","""2025-11-30T00:00:44.072Z""","false"
"4acbeb37-afb7-4609-af01-6ccc00a9366e","""2025-11-28T00:00:00.000Z""","""2025-11-28T18:41:00.000Z""","true","0f6f0fe8-88e3-40e9-9484-7c2654711107","""2025-11-27T10:06:07.279Z""","""2025-11-27T10:06:07.279Z""","true"
"4ae8dd3a-a346-46d2-8b61-a29fdbab7700","""2025-12-01T00:00:00.000Z""","""2025-12-01T16:25:00.000Z""","true","9f444e53-871e-464c-b629-5303a67c41aa","""2025-11-29T00:00:22.972Z""","""2025-11-29T00:00:22.972Z""","true"
"4b709c8d-5739-40b1-856e-d49fd641dd0f","""2025-12-03T00:00:00.000Z""","""2025-12-03T18:21:00.000Z""","true","767dd44a-8c25-4151-87d1-6060bb81fccd","""2025-12-01T00:00:02.583Z""","""2025-12-01T00:00:02.583Z""","false"
"4ba9209a-1084-46ce-a249-aa9e71a45f7e","""2025-12-01T00:00:00.000Z""","""2025-12-01T15:24:00.000Z""","true","87e831bf-0c98-4852-8a17-2165e3630c26","""2025-11-29T00:00:22.729Z""","""2025-11-29T00:00:22.729Z""","true"
"4e40c180-5c75-4a0b-8017-a983cfd1fe1b","""2025-12-03T00:00:00.000Z""","""2025-12-03T14:00:00.000Z""","true","a1fdd0ea-3147-4c59-8808-1b26de1838a2","""2025-12-01T00:00:01.640Z""","""2025-12-01T00:00:01.640Z""","false"
"50ca9cab-cbcd-4833-928a-e3831042cba1","""2025-11-29T00:00:00.000Z""","""2025-11-29T21:20:00.000Z""","true","201be9fd-a0c9-425e-b883-1b5687f9d65b","""2025-11-27T10:06:09.167Z""","""2025-11-27T10:06:09.167Z""","true"
"50dd9d9e-f3b8-40b7-9c17-0560cb23a9f1","""2025-11-28T00:00:00.000Z""","""2025-11-28T21:44:00.000Z""","true","1365a9d3-42cb-4f6c-8b44-2eea8d36a1a5","""2025-11-27T10:06:07.705Z""","""2025-11-27T10:06:07.705Z""","true"
"51357cb1-1da5-4604-a9cf-07ee86149b67","""2025-11-27T00:00:00.000Z""","""2025-11-27T15:12:00.000Z""","true","02218503-62f0-4f65-882b-fbe391c7dcf0","""2025-11-27T10:06:05.230Z""","""2025-11-27T10:06:05.230Z""","true"
"51604dbe-cfdf-458e-ba66-79861d5b1ffe","""2025-11-27T00:00:00.000Z""","""2025-11-27T18:23:00.000Z""","true","04903c1c-8bfa-475b-b4d8-f20d89aff806","""2025-11-27T10:06:05.700Z""","""2025-11-27T10:06:05.700Z""","true"
"5176d49e-0b86-4743-9f1d-f311d0e6a88e","""2025-12-04T00:00:00.000Z""","""2025-12-04T23:35:00.000Z""","true","90f4f08d-c0be-469a-869e-f91609c75b92","""2025-12-02T00:00:13.423Z""","""2025-12-02T00:00:13.423Z""","false"
"52273e83-5d85-4c06-81f0-5c75127bc37f","""2025-11-29T00:00:00.000Z""","""2025-11-29T15:42:00.000Z""","true","195da057-e886-4ad1-8297-5bdf61fe4d60","""2025-11-27T10:06:08.304Z""","""2025-11-27T10:06:08.304Z""","true"
"52b07f0a-bfee-486f-9b17-ca39ef8af4e2","""2025-12-04T00:00:00.000Z""","""2025-12-04T18:17:00.000Z""","true","ba3b6019-6b72-41c5-ac84-0cc864235a9e","""2025-12-02T00:00:12.251Z""","""2025-12-02T00:00:12.251Z""","false"
"5365a10b-4881-403a-80f0-45f3cfdc883a","""2025-12-01T00:00:00.000Z""","""2025-12-01T15:04:00.000Z""","true","c899e6ba-fc49-4c15-82c1-77538f3d3110","""2025-11-29T00:00:22.668Z""","""2025-11-29T00:00:22.668Z""","true"
"541ee413-bfcd-4719-8cc4-f6b82ec532d7","""2025-12-04T00:00:00.000Z""","""2025-12-04T23:01:00.000Z""","true","2d024446-0694-42bc-b334-c4af4cfa1823","""2025-12-02T00:00:13.300Z""","""2025-12-02T00:00:13.300Z""","false"
"54c76ca0-2bad-4d23-93ac-69d1027a7fbf","""2025-11-27T00:00:00.000Z""","""2025-11-27T15:44:00.000Z""","true","0239d181-d9e8-4053-95a2-220719dcf322","""2025-11-27T10:06:05.316Z""","""2025-11-27T10:06:05.316Z""","true"
"5564c330-5cab-4833-9672-f8030e8f6045","""2025-11-27T00:00:00.000Z""","""2025-11-27T19:12:00.000Z""","true","0519e354-1000-4d73-a6e0-2356e5e7995e","""2025-11-27T10:06:05.829Z""","""2025-11-27T10:06:05.829Z""","true"
"557513bd-7ce8-4574-a553-675078daad04","""2025-11-27T00:00:00.000Z""","""2025-11-27T15:27:00.000Z""","true","0232c447-f6a4-4b15-b179-090800c14004","""2025-11-27T10:06:05.273Z""","""2025-11-27T10:06:05.273Z""","true"
"5652e7eb-e0ea-462d-b9e0-579039e0c404","""2025-12-04T00:00:00.000Z""","""2025-12-04T14:52:00.000Z""","true","3eb024a6-b047-4347-9e85-600c4caa90a5","""2025-12-02T00:00:11.506Z""","""2025-12-02T00:00:11.506Z""","false"
"56dffd68-8301-463e-883a-23178140198d","""2025-11-29T00:00:00.000Z""","""2025-11-29T19:51:00.000Z""","true","1e54573a-d747-4145-a9ad-6224ede9f4f2","""2025-11-27T10:06:08.940Z""","""2025-11-27T10:06:08.940Z""","true"
"5769846c-c9a2-4dad-bb95-843b9e2e8b25","""2025-12-04T00:00:00.000Z""","""2025-12-04T17:08:00.000Z""","true","00744c09-1f1b-4d33-b9f7-45dfed570e48","""2025-12-02T00:00:12.002Z""","""2025-12-02T00:00:12.002Z""","false"
"58045dd9-489a-4804-9229-f50c8c354dbb","""2025-12-01T00:00:00.000Z""","""2025-12-01T23:08:00.000Z""","true","eabfcfa4-db9f-4bd8-97d9-5ea3ee0fea74","""2025-11-29T00:00:24.388Z""","""2025-11-29T00:00:24.388Z""","true"
"59fe0021-721f-45d9-ae50-50d026fc0698","""2025-11-27T00:00:00.000Z""","""2025-11-27T23:13:00.000Z""","true","09ca7474-ddeb-4942-87a8-fed5f4516c2e","""2025-11-27T10:06:06.425Z""","""2025-11-27T10:06:06.425Z""","true"
"5abbe0c6-8ce7-47ed-94ef-c762c7d130fb","""2025-12-03T00:00:00.000Z""","""2025-12-03T17:12:00.000Z""","true","30609588-a97f-4faa-9032-46474926fdc2","""2025-12-01T00:00:02.331Z""","""2025-12-01T00:00:02.331Z""","false"
"5c3c4a84-b918-4b30-9b6f-2832b1573cd5","""2025-12-02T00:00:00.000Z""","""2025-12-02T17:34:00.000Z""","true","57b02fdc-dff8-4edc-bd1e-3fec8132b994","""2025-11-30T00:00:42.924Z""","""2025-11-30T00:00:42.924Z""","false"
"5cfc69fc-260a-4fd3-a595-e7183f163f90","""2025-11-28T00:00:00.000Z""","""2025-11-28T19:35:00.000Z""","true","11077393-1837-48a0-a056-91bad0d7a0fc","""2025-11-27T10:06:07.406Z""","""2025-11-27T10:06:07.406Z""","true"
"5d557477-bd38-4cbe-acbf-b9bab73830d5","""2025-12-01T00:00:00.000Z""","""2025-12-01T22:14:00.000Z""","true","3b173b1c-26dd-44d4-af85-545640224b70","""2025-11-29T00:00:24.207Z""","""2025-11-29T00:00:24.207Z""","true"
"5effb8dc-532f-40aa-a069-74e2d4049ac7","""2025-11-29T00:00:00.000Z""","""2025-11-29T17:05:00.000Z""","true","1b8a44b2-9456-450f-bbdb-b36c7ce60fab","""2025-11-27T10:06:08.516Z""","""2025-11-27T10:06:08.516Z""","true"
"5fca3e3b-f897-48ea-aaf5-54a5d1f26509","""2025-12-01T00:00:00.000Z""","""2025-12-01T23:25:00.000Z""","true","382faa5c-798c-4ed3-aa41-5b30ec24eeb3","""2025-11-29T00:00:24.449Z""","""2025-11-29T00:00:24.449Z""","true"
"60689b5d-0837-49ab-803a-30b9d84899fe","""2025-11-28T00:00:00.000Z""","""2025-11-28T20:13:00.000Z""","true","113ee74f-08c6-4433-8bc1-50868997227a","""2025-11-27T10:06:07.492Z""","""2025-11-27T10:06:07.492Z""","true"
"618dce46-150f-452b-9d94-d6f48e657311","""2025-11-29T00:00:00.000Z""","""2025-11-29T14:15:00.000Z""","true","17c72a10-a49d-4c3f-bf97-045e759559d8","""2025-11-27T10:06:08.088Z""","""2025-11-27T10:06:08.088Z""","true"
"61e3fa8f-680c-4d6f-ad9a-e72a09c3d7ec","""2025-12-02T00:00:00.000Z""","""2025-12-02T19:52:00.000Z""","true","69b851a6-ffc9-459e-a970-b23b8d4df5ff","""2025-11-30T00:00:43.440Z""","""2025-11-30T00:00:43.440Z""","false"
"63d72f9b-37ff-4206-b8c0-ef8705d8e82d","""2025-11-29T00:00:00.000Z""","""2025-11-29T14:46:00.000Z""","true","17f91814-14fb-49ed-a781-81a984eb847d","""2025-11-27T10:06:08.176Z""","""2025-11-27T10:06:08.176Z""","true"
"659b75a4-60ee-4eb9-8aba-9096a8d9b5ba","""2025-12-01T00:00:00.000Z""","""2025-12-01T17:34:00.000Z""","true","e34d46b0-8398-41cf-b542-27f7d7546018","""2025-11-29T00:00:23.214Z""","""2025-11-29T00:00:23.214Z""","true"
"6613e105-6e38-4ba8-a1a5-2f8244a76f7d","""2025-11-27T00:00:00.000Z""","""2025-11-27T20:41:00.000Z""","true","06db27ba-0314-4911-8b21-42f9994916b4","""2025-11-27T10:06:06.042Z""","""2025-11-27T10:06:06.042Z""","true"
"663b6e54-026c-489b-a7d1-1c859a26f61b","""2025-11-29T00:00:00.000Z""","""2025-11-29T18:14:00.000Z""","true","1cfbac81-b6ef-4db1-97a5-69e46a907ea9","""2025-11-27T10:06:08.686Z""","""2025-11-27T10:06:08.686Z""","true"
"6720b310-cfc3-455c-91fd-f755fd995065","""2025-11-29T00:00:00.000Z""","""2025-11-29T16:33:00.000Z""","true","1b3a063d-7cfe-4fb5-bca3-80d28b81fbc1","""2025-11-27T10:06:08.431Z""","""2025-11-27T10:06:08.431Z""","true"
"675af01e-4c33-4424-b639-8c8fe581556a","""2025-11-29T00:00:00.000Z""","""2025-11-29T19:35:00.000Z""","true","1e49b5e1-7aa7-452f-a065-9d6b5a5c3f34","""2025-11-27T10:06:08.898Z""","""2025-11-27T10:06:08.898Z""","true"
"675ecb9c-c208-4776-b222-d7bde2afde89","""2025-11-28T00:00:00.000Z""","""2025-11-28T15:27:00.000Z""","true","0ceb2bb7-0000-46d7-b959-2d5df40bf6f0","""2025-11-27T10:06:06.769Z""","""2025-11-27T10:06:06.769Z""","true"
"684e0d2f-9b11-4782-a261-44cbfcf3a77e","""2025-12-04T00:00:00.000Z""","""2025-12-04T16:06:00.000Z""","true","00eb0ee2-f938-409e-8ca7-b6dcf9f00409","""2025-12-02T00:00:11.755Z""","""2025-12-02T00:00:11.755Z""","false"
"6ac3a906-e11c-4e6f-bc33-214cb2b66d2c","""2025-11-29T00:00:00.000Z""","""2025-11-29T21:50:00.000Z""","true","217345a8-7690-4483-be8d-600895d48867","""2025-11-27T10:06:09.252Z""","""2025-11-27T10:06:09.252Z""","true"
"6b23eeb5-8589-4eb7-afca-6e8a220c9c46","""2025-12-02T00:00:00.000Z""","""2025-12-02T23:16:00.000Z""","true","5732d5c3-eb53-4d27-a2e0-6e803a3d12b0","""2025-11-30T00:00:44.199Z""","""2025-11-30T00:00:44.199Z""","false"
"6d10aa98-97fc-4759-a35f-6eb6a044d80f","""2025-11-27T00:00:00.000Z""","""2025-11-27T22:25:00.000Z""","true","07e85743-f04b-44fd-b62e-d59597e1ba6e","""2025-11-27T10:06:06.299Z""","""2025-11-27T10:06:06.299Z""","true"
"71408801-fe8d-4fbb-aef0-3774cfe33cb4","""2025-12-02T00:00:00.000Z""","""2025-12-02T14:46:00.000Z""","true","7b68365f-0972-49d6-b732-45e385a328bf","""2025-11-30T00:00:42.292Z""","""2025-11-30T00:00:42.292Z""","true"
"731b49d5-21f0-4a36-92c0-7ca9efa88ce6","""2025-12-02T00:00:00.000Z""","""2025-12-02T16:11:00.000Z""","true","522b105f-722b-4e8c-9438-0b0d94da7f27","""2025-11-30T00:00:42.608Z""","""2025-11-30T00:00:42.608Z""","false"
"73942fc3-0a18-43b6-958c-99d268a61f11","""2025-12-04T00:00:00.000Z""","""2025-12-04T15:47:00.000Z""","true","77c100a7-a21b-4092-949b-18426dbc96ac","""2025-12-02T00:00:11.692Z""","""2025-12-02T00:00:11.692Z""","false"
"76025a9b-cdf8-40c1-8aeb-63560118b2bb","""2025-12-03T00:00:00.000Z""","""2025-12-03T20:18:00.000Z""","true","d9d236f6-fad1-4508-9fd8-961e0fa2fb38","""2025-12-01T00:00:03.025Z""","""2025-12-01T00:00:03.025Z""","false"
"7608cf4c-cfbd-4647-8590-adbe7b81e6d4","""2025-11-27T00:00:00.000Z""","""2025-11-27T17:08:00.000Z""","true","031ec23d-4038-4e4c-b7e8-fc362d6ec618","""2025-11-27T10:06:05.529Z""","""2025-11-27T10:06:05.529Z""","true"
"76da1178-f5d0-47f8-ae7e-801ce0974511","""2025-12-01T00:00:00.000Z""","""2025-12-01T18:26:00.000Z""","true","ff86573b-c813-4aef-aa2d-1c0e87127d5d","""2025-11-29T00:00:23.398Z""","""2025-11-29T00:00:23.398Z""","true"
"77516384-ca18-404b-83b0-b627de71398e","""2025-11-28T00:00:00.000Z""","""2025-11-28T16:34:00.000Z""","true","0df58ffb-88c6-46c0-9120-d84010c692c2","""2025-11-27T10:06:06.940Z""","""2025-11-27T10:06:06.940Z""","true"
"7813273f-8606-4525-8fc8-9acf90bf2244","""2025-12-03T00:00:00.000Z""","""2025-12-03T23:15:00.000Z""","true","f40bf76b-92da-4f02-98d3-b7454dea4d33","""2025-12-01T00:00:03.658Z""","""2025-12-01T00:00:03.658Z""","false"
"78f57885-15c1-4179-8a8c-a05fd112a702","""2025-11-27T00:00:00.000Z""","""2025-11-27T16:19:00.000Z""","true","02b6b012-d57a-47a6-ab4d-1d25bc39916e","""2025-11-27T10:06:05.401Z""","""2025-11-27T10:06:05.401Z""","true"
"7ada4613-5067-4808-8c55-bcd5daa16747","""2025-12-02T00:00:00.000Z""","""2025-12-02T15:19:00.000Z""","true","939def72-8136-4b29-b010-3c29c3d3fc14","""2025-11-30T00:00:42.419Z""","""2025-11-30T00:00:42.419Z""","true"
"7b11a6c4-b84c-454a-a10e-44a8006e3020","""2025-11-28T00:00:00.000Z""","""2025-11-28T21:25:00.000Z""","true","1355c3c0-f575-4888-a2d2-7327daed6f78","""2025-11-27T10:06:07.662Z""","""2025-11-27T10:06:07.662Z""","true"
"7b8219ce-7193-4194-8cc4-3ebe56d70bcb","""2025-12-04T00:00:00.000Z""","""2025-12-04T14:00:00.000Z""","true","7c230c2e-95d6-4f31-8889-eecdbd7ac5f2","""2025-12-02T00:00:11.319Z""","""2025-12-02T00:00:11.319Z""","false"
"7c78b87d-1f35-4641-b2f6-2a3498d283db","""2025-11-29T00:00:00.000Z""","""2025-11-29T20:30:00.000Z""","true","1e96a85b-acf9-434d-8c0c-4dfd0e1f21b4","""2025-11-27T10:06:09.024Z""","""2025-11-27T10:06:09.024Z""","true"
"7d040c37-394e-4b19-9ad6-b5226cddf169","""2025-11-27T00:00:00.000Z""","""2025-11-27T18:03:00.000Z""","true","042384e0-482a-4829-9a69-bfc3b444bf29","""2025-11-27T10:06:05.657Z""","""2025-11-27T10:06:05.657Z""","true"
"800bba82-9f22-4e79-b79f-f52f9e8e5936","""2025-12-03T00:00:00.000Z""","""2025-12-03T14:48:00.000Z""","true","8645a97d-011e-49fe-82ef-1b1901927681","""2025-12-01T00:00:01.829Z""","""2025-12-01T00:00:01.829Z""","false"
"802ce3ad-b049-4f71-9a98-270b8fc668ba","""2025-12-02T00:00:00.000Z""","""2025-12-02T22:24:00.000Z""","true","8e52e37f-9677-4b12-b7d7-2b628444acab","""2025-11-30T00:00:44.009Z""","""2025-11-30T00:00:44.009Z""","false"
"81382207-9ad9-4fd1-ba16-b8c047cf8036","""2025-11-27T00:00:00.000Z""","""2025-11-27T17:45:00.000Z""","true","0413e71c-57b0-4268-b905-4a2246730b74","""2025-11-27T10:06:05.614Z""","""2025-11-27T10:06:05.614Z""","true"
"82420a7e-490e-4e20-b415-d491a4f5543e","""2025-11-28T00:00:00.000Z""","""2025-11-28T14:53:00.000Z""","true","0bc4cc96-d880-492e-a079-dbf559288927","""2025-11-27T10:06:06.681Z""","""2025-11-27T10:06:06.681Z""","true"
"8415e632-f5d8-4a15-9910-8ff65eaa1b55","""2025-12-01T00:00:00.000Z""","""2025-12-01T19:38:00.000Z""","true","403ae5f4-9e57-4577-a50f-d9ac12b7b631","""2025-11-29T00:00:23.641Z""","""2025-11-29T00:00:23.641Z""","true"
"861036ab-c032-4bfa-ae6b-b7a1ffc4dbeb","""2025-12-01T00:00:00.000Z""","""2025-12-01T22:48:00.000Z""","true","5a7fd8cc-4dc6-45e8-823d-db00e2b5c4e1","""2025-11-29T00:00:24.328Z""","""2025-11-29T00:00:24.328Z""","true"
"86d97bd5-5718-41a2-9391-34c5f0f7037c","""2025-12-01T00:00:00.000Z""","""2025-12-01T17:02:00.000Z""","true","cbe0b6cc-da66-4725-b526-23e9c1b96946","""2025-11-29T00:00:23.093Z""","""2025-11-29T00:00:23.093Z""","true"
"87ea8b98-2a58-4b50-98fb-6cfb5e3c659c","""2025-11-28T00:00:00.000Z""","""2025-11-28T19:55:00.000Z""","true","111c50ad-9dbf-44fe-b7f4-fc4d62b74537","""2025-11-27T10:06:07.449Z""","""2025-11-27T10:06:07.449Z""","true"
"88504327-de8a-4974-a782-992afaad1405","""2025-12-04T00:00:00.000Z""","""2025-12-04T22:08:00.000Z""","true","71cdf671-4130-4c79-9401-fcac35cb61b8","""2025-12-02T00:00:13.114Z""","""2025-12-02T00:00:13.114Z""","false"
"8977aa35-5397-4182-b205-b7e752e63bfa","""2025-11-28T00:00:00.000Z""","""2025-11-28T23:33:00.000Z""","true","14980cb7-0a66-4719-b4e4-3e81cf9c7b16","""2025-11-27T10:06:07.960Z""","""2025-11-27T10:06:07.960Z""","true"
"8ad36499-4bc3-4dbc-923d-da82afea72b9","""2025-11-28T00:00:00.000Z""","""2025-11-28T17:20:00.000Z""","true","0ed31f1c-99f3-4082-a948-07f4a0927b37","""2025-11-27T10:06:07.068Z""","""2025-11-27T10:06:07.068Z""","true"
"8e993222-6292-460a-a493-d2cb5492dbfc","""2025-12-03T00:00:00.000Z""","""2025-12-03T17:30:00.000Z""","true","bba0a09a-94b6-4b36-b2bd-e5a46d0da836","""2025-12-01T00:00:02.394Z""","""2025-12-01T00:00:02.394Z""","false"
"8ed50add-a503-4d02-a785-993b99e160f4","""2025-11-28T00:00:00.000Z""","""2025-11-28T14:37:00.000Z""","true","0bbf183e-0c1e-4a72-b74f-4da81a843671","""2025-11-27T10:06:06.639Z""","""2025-11-27T10:06:06.639Z""","true"
"8ff93803-7861-4a3e-bbff-871c6b2c5a0c","""2025-12-02T00:00:00.000Z""","""2025-12-02T15:00:00.000Z""","true","b5340802-cf57-493f-945c-aac8aa34639d","""2025-11-30T00:00:42.355Z""","""2025-11-30T00:00:42.355Z""","true"
"908c7f34-0c79-4bf2-b19c-8ff176591cc9","""2025-11-28T00:00:00.000Z""","""2025-11-28T22:40:00.000Z""","true","138bbd5b-a618-4114-8b58-f8227feb79ac","""2025-11-27T10:06:07.832Z""","""2025-11-27T10:06:07.832Z""","true"
"9095a767-b6a1-49e2-a479-1cdcc98b0d7f","""2025-12-02T00:00:00.000Z""","""2025-12-02T18:07:00.000Z""","true","4d572334-b4c4-4f71-ac99-b9b167db81fe","""2025-11-30T00:00:43.053Z""","""2025-11-30T00:00:43.053Z""","false"
"9147d59e-b3a8-4599-9661-2d849cc2885d","""2025-12-03T00:00:00.000Z""","""2025-12-03T15:57:00.000Z""","true","f561ce14-b43e-4643-854d-2476a17cc7d2","""2025-12-01T00:00:02.079Z""","""2025-12-01T00:00:02.079Z""","false"
"9170e3a0-b7ac-48d7-a205-ade774fee1d4","""2025-11-29T00:00:00.000Z""","""2025-11-29T16:00:00.000Z""","true","1a42c12e-b8cb-4344-81fb-2a8cf6ac0bcf","""2025-11-27T10:06:08.346Z""","""2025-11-27T10:06:08.346Z""","true"
"927ef61f-3e31-4802-87e4-70420839756b","""2025-11-28T00:00:00.000Z""","""2025-11-28T23:15:00.000Z""","true","1440a13a-d8b2-40bb-b9a9-83c7e4063671","""2025-11-27T10:06:07.917Z""","""2025-11-27T10:06:07.917Z""","true"
"92b83db2-53af-458a-b8d1-be5538e6e45d","""2025-12-02T00:00:00.000Z""","""2025-12-02T19:18:00.000Z""","true","46836e30-a8ea-46b6-ae40-76d3fc2a090c","""2025-11-30T00:00:43.314Z""","""2025-11-30T00:00:43.314Z""","false"
"93aa8b2b-4824-462d-923b-b7c42e24c5d2","""2025-11-28T00:00:00.000Z""","""2025-11-28T14:00:00.000Z""","true","0a6f7a29-d39f-4c37-ac94-69fe1062c3ad","""2025-11-27T10:06:06.553Z""","""2025-11-27T10:06:06.553Z""","true"
"93b57328-b701-4e61-8827-2f5f73be4a43","""2025-11-28T00:00:00.000Z""","""2025-11-28T15:45:00.000Z""","true","0d397340-ae18-4dad-801d-bf82b9e89e44","""2025-11-27T10:06:06.812Z""","""2025-11-27T10:06:06.812Z""","true"
"94c655ce-7428-45d7-b43b-4688952fb1ad","""2025-11-27T00:00:00.000Z""","""2025-11-27T23:47:00.000Z""","true","0a21f002-ab85-47bc-824c-ab3ad06ee7e8","""2025-11-27T10:06:06.510Z""","""2025-11-27T10:06:06.510Z""","true"
"96eacdfe-d1a8-4ef9-97ad-b9ce330fffe7","""2025-12-01T00:00:00.000Z""","""2025-12-01T20:13:00.000Z""","true","505ef469-1faa-4a2f-a6d1-3fb9e90a33ea","""2025-11-29T00:00:23.762Z""","""2025-11-29T00:00:23.762Z""","true"
"96fbed22-b548-496b-b6a8-2145a33733d0","""2025-12-01T00:00:00.000Z""","""2025-12-01T23:44:00.000Z""","true","6bf618ac-ac23-445b-85fd-ad9c510fac00","""2025-11-29T00:00:24.509Z""","""2025-11-29T00:00:24.509Z""","true"
"972c8eee-f222-4dbe-b39d-a3b30bc64bdb","""2025-12-01T00:00:00.000Z""","""2025-12-01T21:22:00.000Z""","true","25b18abd-7174-49b6-a34c-23449c7b5d37","""2025-11-29T00:00:24.017Z""","""2025-11-29T00:00:24.017Z""","true"
"98243561-4676-4328-9d81-fea94b4a3163","""2025-11-28T00:00:00.000Z""","""2025-11-28T16:05:00.000Z""","true","0d87b8be-740d-4044-8bc4-4075cf0c8a1a","""2025-11-27T10:06:06.855Z""","""2025-11-27T10:06:06.855Z""","true"
"992f3811-cf36-43e3-bb6c-13e9422afbe3","""2025-12-04T00:00:00.000Z""","""2025-12-04T21:38:00.000Z""","true","4e18b093-33d0-4bf7-9ed0-7506e838242e","""2025-12-02T00:00:12.992Z""","""2025-12-02T00:00:12.992Z""","false"
"99311678-679e-4624-a74f-56f6e0f65643","""2025-12-02T00:00:00.000Z""","""2025-12-02T22:09:00.000Z""","true","66b58891-3baa-4242-8243-5d345197058c","""2025-11-30T00:00:43.946Z""","""2025-11-30T00:00:43.946Z""","false"
"99feb1e9-847a-477c-978a-e45d7b48d3af","""2025-12-03T00:00:00.000Z""","""2025-12-03T19:42:00.000Z""","true","49345465-5d59-4c0d-8cd8-616445f0924f","""2025-12-01T00:00:02.900Z""","""2025-12-01T00:00:02.900Z""","false"
"9a51bafb-05f2-4d08-8e47-e3d3e11592d6","""2025-11-27T00:00:00.000Z""","""2025-11-27T17:26:00.000Z""","true","0336b453-803d-42e4-beca-45a9e9c8ba1a","""2025-11-27T10:06:05.572Z""","""2025-11-27T10:06:05.572Z""","true"
"9c2a95e5-7f58-4648-9484-15dbed520e01","""2025-12-04T00:00:00.000Z""","""2025-12-04T19:52:00.000Z""","true","f8bbc6c2-1bfb-4b40-921f-496c6cae91cf","""2025-12-02T00:00:12.622Z""","""2025-12-02T00:00:12.622Z""","false"
"9ccade0d-6e28-4665-8c96-f889447d1e08","""2025-12-01T00:00:00.000Z""","""2025-12-01T15:53:00.000Z""","true","e3496b09-a429-4471-979e-4fa4914f174f","""2025-11-29T00:00:22.850Z""","""2025-11-29T00:00:22.850Z""","true"
"9e3f670d-2e5e-45a9-a707-42e11c53b883","""2025-11-29T00:00:00.000Z""","""2025-11-29T20:10:00.000Z""","true","1e56fcd2-d57a-459f-8c91-fac1c106de95","""2025-11-27T10:06:08.983Z""","""2025-11-27T10:06:08.983Z""","true"
"9e7b4f7a-79dc-4715-935b-c31a6f32c998","""2025-12-01T00:00:00.000Z""","""2025-12-01T14:50:00.000Z""","true","2f278e8d-f4e5-4ec8-b781-ddb66f9d44ec","""2025-11-29T00:00:22.608Z""","""2025-11-29T00:00:22.608Z""","true"
"9f1e6644-2d01-4b0b-82bd-38496f9e6d66","""2025-11-29T00:00:00.000Z""","""2025-11-29T22:56:00.000Z""","true","2414386f-1bfa-4c10-918e-157c09ea762b","""2025-11-27T10:06:09.426Z""","""2025-11-27T10:06:09.426Z""","true"
"a2958610-737d-473c-99c4-f69ceea4f3f7","""2025-12-04T00:00:00.000Z""","""2025-12-04T16:20:00.000Z""","true","920f2cba-806c-424f-8ace-c00b6fe2b8ae","""2025-12-02T00:00:11.817Z""","""2025-12-02T00:00:11.817Z""","false"
"a2f4e411-8693-45ba-9a79-8c93e06da96f","""2025-11-28T00:00:00.000Z""","""2025-11-28T16:49:00.000Z""","true","0e749d53-9055-468c-bab1-f329254d1dd8","""2025-11-27T10:06:06.983Z""","""2025-11-27T10:06:06.983Z""","true"
"a5f22236-78fe-42bb-aab4-9478fa7f1b97","""2025-11-29T00:00:00.000Z""","""2025-11-29T21:03:00.000Z""","true","1fe42feb-a5d0-4ae9-9747-d92434e3ce1b","""2025-11-27T10:06:09.114Z""","""2025-11-27T10:06:09.114Z""","true"
"a6345755-bd3b-4025-94d2-ad47531a5042","""2025-11-27T00:00:00.000Z""","""2025-11-27T21:14:00.000Z""","true","07449f5d-9cf3-405a-9cce-aa59e3a9b737","""2025-11-27T10:06:06.127Z""","""2025-11-27T10:06:06.127Z""","true"
"a771d198-7692-4ad3-85ac-b9796c1299a9","""2025-11-27T00:00:00.000Z""","""2025-11-27T16:02:00.000Z""","true","023c2c2e-2a03-4be3-a8cb-708590213912","""2025-11-27T10:06:05.359Z""","""2025-11-27T10:06:05.359Z""","true"
"abe24349-4abc-44af-9b32-b06a8e96ac6b","""2025-12-02T00:00:00.000Z""","""2025-12-02T14:31:00.000Z""","true","7e227fbb-957f-48de-9a01-bb69f5453031","""2025-11-30T00:00:42.229Z""","""2025-11-30T00:00:42.229Z""","true"
"ac5ba658-4413-4084-860e-85c0ef296b02","""2025-12-02T00:00:00.000Z""","""2025-12-02T15:53:00.000Z""","true","a8890e3e-ce11-4ee8-bff7-fa1c609912b3","""2025-11-30T00:00:42.545Z""","""2025-11-30T00:00:42.545Z""","true"
"ac7696a4-6c2c-4c4c-89ad-23fa4d91cb19","""2025-11-27T00:00:00.000Z""","""2025-11-27T16:33:00.000Z""","true","02bb8b6d-856d-4105-b4de-4babfbea1d24","""2025-11-27T10:06:05.443Z""","""2025-11-27T10:06:05.443Z""","true"
"ac7ecf32-6aaf-4848-9b67-2bd8754a61ba","""2025-12-01T00:00:00.000Z""","""2025-12-01T19:05:00.000Z""","true","ca82ad4e-3c5b-474c-87fe-387044199507","""2025-11-29T00:00:23.518Z""","""2025-11-29T00:00:23.518Z""","true"
"ad67f1ed-5ccf-4cbf-a88d-8b4b447e7897","""2025-11-29T00:00:00.000Z""","""2025-11-29T14:00:00.000Z""","true","160bc000-46e7-4d77-999c-6ea7d5589601","""2025-11-27T10:06:08.046Z""","""2025-11-27T10:06:08.046Z""","true"
"b08ceb86-8ca2-4a44-9d34-0f6147486c34","""2025-11-27T00:00:00.000Z""","""2025-11-27T14:53:00.000Z""","true","020a9ed8-7ad9-46e2-97a2-666d551621d4","""2025-11-27T10:06:05.187Z""","""2025-11-27T10:06:05.187Z""","true"
"b0f39f48-e23a-4096-8d9c-a2a7ebb6fad7","""2025-12-02T00:00:00.000Z""","""2025-12-02T17:19:00.000Z""","true","d820eff0-df99-4551-9c60-9be0ed7ecf96","""2025-11-30T00:00:42.860Z""","""2025-11-30T00:00:42.860Z""","false"
"b322dd4b-659e-4799-aa79-a2957022f8c1","""2025-11-28T00:00:00.000Z""","""2025-11-28T15:07:00.000Z""","true","0ccc74eb-c4e3-42fb-b982-5041141f33e1","""2025-11-27T10:06:06.726Z""","""2025-11-27T10:06:06.726Z""","true"
"b37b0df5-5084-45d1-b525-2bc57f9fac63","""2025-11-27T00:00:00.000Z""","""2025-11-27T21:52:00.000Z""","true","07b60fef-dbeb-4ba9-bd99-3883714ac2aa","""2025-11-27T10:06:06.212Z""","""2025-11-27T10:06:06.212Z""","true"
"b3823ae2-6f82-4adb-add3-b284268ac08a","""2025-12-04T00:00:00.000Z""","""2025-12-04T22:27:00.000Z""","true","c281d9a4-3992-49de-936e-e4ae092c7b06","""2025-12-02T00:00:13.176Z""","""2025-12-02T00:00:13.176Z""","false"
"b3f4a520-0c9f-406c-b976-94a50824c930","""2025-12-02T00:00:00.000Z""","""2025-12-02T20:27:00.000Z""","true","b10a75f8-d996-4665-9bf2-7629ed59653f","""2025-11-30T00:00:43.567Z""","""2025-11-30T00:00:43.567Z""","false"
"b4dbbdd6-1dd2-4bf0-b0df-55b62a79dc8d","""2025-12-03T00:00:00.000Z""","""2025-12-03T15:25:00.000Z""","true","5a24858c-c897-4602-a8ad-4e8f481671d0","""2025-12-01T00:00:01.955Z""","""2025-12-01T00:00:01.955Z""","false"
"b6112c29-8f6a-49f6-91c2-09ccff6b8338","""2025-11-28T00:00:00.000Z""","""2025-11-28T22:04:00.000Z""","true","136ef1ab-24ce-49d4-8ffa-f0b54091709f","""2025-11-27T10:06:07.747Z""","""2025-11-27T10:06:07.747Z""","true"
"b643838b-5d1d-419c-be86-dfb3bc3b83c3","""2025-11-29T00:00:00.000Z""","""2025-11-29T17:59:00.000Z""","true","1ce72bc3-37da-4fdb-85d8-3bfc637f80fd","""2025-11-27T10:06:08.644Z""","""2025-11-27T10:06:08.644Z""","true"
"b6e7cf01-e56f-4a9f-9f31-98bf457d73d8","""2025-12-01T00:00:00.000Z""","""2025-12-01T20:29:00.000Z""","true","655cfc4c-df3a-406c-a987-f32e0a8f4d47","""2025-11-29T00:00:23.825Z""","""2025-11-29T00:00:23.825Z""","true"
"b7e61c00-fcb1-4bc1-959b-7ae73d338171","""2025-12-04T00:00:00.000Z""","""2025-12-04T21:20:00.000Z""","true","560c3d4e-11f9-408f-9961-f574c5b0a345","""2025-12-02T00:00:12.930Z""","""2025-12-02T00:00:12.930Z""","false"
"b7ee3379-e473-463e-82ad-a26ab90b580e","""2025-12-01T00:00:00.000Z""","""2025-12-01T21:41:00.000Z""","true","7450f09e-5efa-4cd7-8add-fbf8e6a814a3","""2025-11-29T00:00:24.085Z""","""2025-11-29T00:00:24.085Z""","true"
"b847a58e-f979-4fcf-82a7-87ce1d57da1c","""2025-11-27T00:00:00.000Z""","""2025-11-27T19:48:00.000Z""","true","05766597-5e2f-44f1-a641-52bf093cf493","""2025-11-27T10:06:05.916Z""","""2025-11-27T10:06:05.916Z""","true"
"b901b8bc-0b2b-49d7-89ee-4c7580cf0cd1","""2025-12-04T00:00:00.000Z""","""2025-12-04T20:26:00.000Z""","true","f8330d9c-c309-4bcd-9a8b-89144588329d","""2025-12-02T00:00:12.745Z""","""2025-12-02T00:00:12.745Z""","false"
"b9626913-e149-4e37-aa63-8fc61a0690f1","""2025-11-27T00:00:00.000Z""","""2025-11-27T14:17:00.000Z""","true","00eb0ee2-f938-409e-8ca7-b6dcf9f00409","""2025-11-27T10:06:05.095Z""","""2025-11-27T10:06:05.095Z""","true"
"bcc812a8-1f70-4ff5-ba9f-3200ee35edf1","""2025-11-29T00:00:00.000Z""","""2025-11-29T17:21:00.000Z""","true","1c8b5b2e-3712-40be-931e-ad3a71029b0f","""2025-11-27T10:06:08.559Z""","""2025-11-27T10:06:08.559Z""","true"
"bd3a8174-a570-4cca-bc9c-24a5439b9b0d","""2025-12-04T00:00:00.000Z""","""2025-12-04T19:38:00.000Z""","true","af0be4e8-b100-4b88-a1e9-0e777a36fef7","""2025-12-02T00:00:12.560Z""","""2025-12-02T00:00:12.560Z""","false"
"bd3cd66d-8b39-44b7-b6ba-07dd5f8d90f0","""2025-11-28T00:00:00.000Z""","""2025-11-28T17:53:00.000Z""","true","0ee5536c-bb8d-4411-af45-2a071ed54384","""2025-11-27T10:06:07.152Z""","""2025-11-27T10:06:07.152Z""","true"
"bd700ae8-352f-422b-9651-1c7f2d110965","""2025-12-04T00:00:00.000Z""","""2025-12-04T18:32:00.000Z""","true","3f7586a6-a177-432d-a8c0-4ba8eca08dd4","""2025-12-02T00:00:12.313Z""","""2025-12-02T00:00:12.313Z""","false"
"bf66da17-49be-4dfd-802b-a3814733740b","""2025-11-28T00:00:00.000Z""","""2025-11-28T14:19:00.000Z""","true","0b942429-d52d-4d05-a57c-2f2e450cf3a2","""2025-11-27T10:06:06.597Z""","""2025-11-27T10:06:06.597Z""","true"
"bfb5d6c2-f55f-44c6-ba01-984edfd52619","""2025-12-03T00:00:00.000Z""","""2025-12-03T18:35:00.000Z""","true","a9ebaf29-a913-4c64-96fd-7c1234c7e0f4","""2025-12-01T00:00:02.649Z""","""2025-12-01T00:00:02.649Z""","false"
"c2385bd0-c122-44a7-ad97-55df3e090505","""2025-12-01T00:00:00.000Z""","""2025-12-01T21:55:00.000Z""","true","9d01da54-505a-4933-9fc0-3a7d998aa70b","""2025-11-29T00:00:24.147Z""","""2025-11-29T00:00:24.147Z""","true"
"c23bf0db-1207-4cc8-b76d-f22aca5dbefd","""2025-11-29T00:00:00.000Z""","""2025-11-29T23:31:00.000Z""","true","2493d6b7-e8ee-4030-87bd-af72ce7e510b","""2025-11-27T10:06:09.511Z""","""2025-11-27T10:06:09.511Z""","true"
"c281bd0e-c5b9-4529-a2d2-8f82c3a5ddd9","""2025-12-01T00:00:00.000Z""","""2025-12-01T22:30:00.000Z""","true","99d99b3f-e59b-486b-9490-7d025930dbf1","""2025-11-29T00:00:24.267Z""","""2025-11-29T00:00:24.267Z""","true"
"c5b4a561-e868-4ab6-bd63-2411247aecab","""2025-12-01T00:00:00.000Z""","""2025-12-01T16:45:00.000Z""","true","7d1e04ee-d17c-4277-83eb-b0510c16669f","""2025-11-29T00:00:23.032Z""","""2025-11-29T00:00:23.032Z""","true"
"c5e4e5ef-8bd3-4e34-a46f-b9e146cf9b29","""2025-12-01T00:00:00.000Z""","""2025-12-01T14:32:00.000Z""","true","7ac6a103-1b41-41e3-8bba-5b662cf0e278","""2025-11-29T00:00:22.548Z""","""2025-11-29T00:00:22.548Z""","true"
"c5f26ef9-18f1-4fa1-99d2-1a537c6ea0e3","""2025-12-01T00:00:00.000Z""","""2025-12-01T15:38:00.000Z""","true","5d3ccac2-f73a-4669-aebe-eade14f83fa7","""2025-11-29T00:00:22.789Z""","""2025-11-29T00:00:22.789Z""","true"
"c63d46e2-1c2d-43a5-b04a-624847a130bc","""2025-11-29T00:00:00.000Z""","""2025-11-29T15:05:00.000Z""","true","18286cc8-51a3-43be-9f03-3b95c2d1261d","""2025-11-27T10:06:08.219Z""","""2025-11-27T10:06:08.219Z""","true"
"c6831822-4804-4f35-a0c9-d15a85593401","""2025-12-04T00:00:00.000Z""","""2025-12-04T16:52:00.000Z""","true","e37e7043-5059-436b-9ded-2490eba81abb","""2025-12-02T00:00:11.941Z""","""2025-12-02T00:00:11.941Z""","false"
"c6a8e8ba-ae09-4194-a9b4-4e0447cd4d24","""2025-12-03T00:00:00.000Z""","""2025-12-03T23:00:00.000Z""","true","9296d65c-a610-4f67-b25c-5e7e1b751400","""2025-12-01T00:00:03.595Z""","""2025-12-01T00:00:03.595Z""","false"
"c7e5c1c1-c78e-4ecb-b062-197be5b67621","""2025-11-29T00:00:00.000Z""","""2025-11-29T23:15:00.000Z""","true","2490f224-81ef-4853-a3eb-cb7d7fd5a657","""2025-11-27T10:06:09.468Z""","""2025-11-27T10:06:09.468Z""","true"
"c85e007b-52d8-4cea-9273-25ff2b7617bf","""2025-11-29T00:00:00.000Z""","""2025-11-29T20:44:00.000Z""","true","1f71aa12-6297-484d-b9e5-cb85b3dad97e","""2025-11-27T10:06:09.066Z""","""2025-11-27T10:06:09.066Z""","true"
"c8ef5fe3-52cc-4159-ba77-d7d2bac0909e","""2025-11-27T00:00:00.000Z""","""2025-11-27T18:37:00.000Z""","true","049d054a-600b-499f-901d-b607f06fc30f","""2025-11-27T10:06:05.743Z""","""2025-11-27T10:06:05.743Z""","true"
"c9631678-b318-4c11-9879-4a6ab98fac01","""2025-11-27T00:00:00.000Z""","""2025-11-27T21:32:00.000Z""","true","07a282d3-4bcf-4f9b-93e4-8ba07faf25d1","""2025-11-27T10:06:06.169Z""","""2025-11-27T10:06:06.169Z""","true"
"c969a185-f8eb-41cc-a90c-2fd522553a35","""2025-12-02T00:00:00.000Z""","""2025-12-02T22:57:00.000Z""","true","fd8176a6-9a36-4c7f-8d7e-1a67d3242ae3","""2025-11-30T00:00:44.135Z""","""2025-11-30T00:00:44.135Z""","false"
"c9a8577e-f8cf-45d9-8ff2-c1f27007e78b","""2025-12-01T00:00:00.000Z""","""2025-12-01T17:16:00.000Z""","true","4ec8aea0-c3a8-4bd8-b8a3-9d88319838e3","""2025-11-29T00:00:23.153Z""","""2025-11-29T00:00:23.153Z""","true"
"c9f5ea33-7f7c-40e1-83e8-c27789537ba3","""2025-11-28T00:00:00.000Z""","""2025-11-28T20:32:00.000Z""","true","11b3adb0-6cce-4eff-9481-326c53f254d7","""2025-11-27T10:06:07.535Z""","""2025-11-27T10:06:07.535Z""","true"
"ca435979-cf68-48d5-90cd-637915022db3","""2025-12-01T00:00:00.000Z""","""2025-12-01T18:10:00.000Z""","true","4dafbf73-b823-4737-9839-df8b5b192708","""2025-11-29T00:00:23.335Z""","""2025-11-29T00:00:23.335Z""","true"
"cb41cec8-b54b-469e-8fe9-a0cae4ec08e0","""2025-12-01T00:00:00.000Z""","""2025-12-01T18:46:00.000Z""","true","26021505-e5dc-4dbf-b706-c7f75ea21698","""2025-11-29T00:00:23.458Z""","""2025-11-29T00:00:23.458Z""","true"
"cbbc1b16-9672-468a-a88a-aca93dc3f18b","""2025-12-03T00:00:00.000Z""","""2025-12-03T20:55:00.000Z""","true","4a446941-ce6c-4de0-96bf-c06932d29b4c","""2025-12-01T00:00:03.156Z""","""2025-12-01T00:00:03.156Z""","false"
"ccb069a3-c32b-44b8-847d-800ed9c5960b","""2025-12-03T00:00:00.000Z""","""2025-12-03T16:14:00.000Z""","true","7a87b7ae-225d-4cb6-acc0-6f0bb1671873","""2025-12-01T00:00:02.142Z""","""2025-12-01T00:00:02.142Z""","false"
"cdea86cc-12c0-4c56-bc56-a880b9ad817e","""2025-12-02T00:00:00.000Z""","""2025-12-02T21:22:00.000Z""","true","47baaae1-7aa7-4626-bed5-cde690ee7299","""2025-11-30T00:00:43.757Z""","""2025-11-30T00:00:43.757Z""","false"
"d05c9c74-b079-44ba-b404-be29d95b0e35","""2025-12-01T00:00:00.000Z""","""2025-12-01T14:00:00.000Z""","true","551380c7-c363-4b61-ba78-4c3419401ebf","""2025-11-29T00:00:22.413Z""","""2025-11-29T00:00:22.413Z""","true"
"d1143d4a-9fdc-4130-867b-8a2e2535aad9","""2025-11-27T00:00:00.000Z""","""2025-11-27T20:27:00.000Z""","true","06c60040-61f1-4dda-a3a7-e3f52832b327","""2025-11-27T10:06:05.999Z""","""2025-11-27T10:06:05.999Z""","true"
"d1ac9f57-b242-40db-b5e5-247ded5e895a","""2025-12-02T00:00:00.000Z""","""2025-12-02T17:01:00.000Z""","true","32bac3f7-f499-4c5b-bb25-f7d1d016c593","""2025-11-30T00:00:42.797Z""","""2025-11-30T00:00:42.797Z""","false"
"d26c7823-742d-4a0a-a6b8-f36c8e9f1598","""2025-11-27T00:00:00.000Z""","""2025-11-27T14:37:00.000Z""","true","00f28022-c4f5-4acd-85d0-0b61b46863be","""2025-11-27T10:06:05.139Z""","""2025-11-27T10:06:05.139Z""","true"
"d272f4e6-dc63-4a27-918e-fffa2b65a71e","""2025-11-29T00:00:00.000Z""","""2025-11-29T16:17:00.000Z""","true","1a6c8ad7-3cf6-4feb-8487-1132eb5b4c09","""2025-11-27T10:06:08.388Z""","""2025-11-27T10:06:08.388Z""","true"
"d4103b0c-e5f2-4aac-9521-da62408bf9e4","""2025-12-01T00:00:00.000Z""","""2025-12-01T21:04:00.000Z""","true","586f3f88-bcb4-4e08-a362-cd364e6e02c9","""2025-11-29T00:00:23.950Z""","""2025-11-29T00:00:23.950Z""","true"
"d65ec336-1d70-4ca6-87d3-464961be4d27","""2025-12-03T00:00:00.000Z""","""2025-12-03T18:06:00.000Z""","true","8e565e73-693a-4946-bcd5-72d10612e8c7","""2025-12-01T00:00:02.520Z""","""2025-12-01T00:00:02.520Z""","false"
"d671ffe0-2c3a-48a4-83e9-c6552285a096","""2025-12-02T00:00:00.000Z""","""2025-12-02T19:32:00.000Z""","true","39c03a11-827d-43cf-9164-4076d7a1b4a9","""2025-11-30T00:00:43.377Z""","""2025-11-30T00:00:43.377Z""","false"
"d685fa92-6a17-4196-b42f-6fc9240bcb43","""2025-12-03T00:00:00.000Z""","""2025-12-03T15:08:00.000Z""","true","2c439a2c-37b1-487a-b185-c220b2e5999f","""2025-12-01T00:00:01.892Z""","""2025-12-01T00:00:01.892Z""","false"
"d8a98051-9449-484e-87c2-029b0cfe99c3","""2025-12-04T00:00:00.000Z""","""2025-12-04T17:57:00.000Z""","true","e0fc3c62-3ef6-4f06-96d5-094670cc66c2","""2025-12-02T00:00:12.189Z""","""2025-12-02T00:00:12.189Z""","false"
"d91215a7-b974-4a54-8bd8-a8cfab4d9056","""2025-11-27T00:00:00.000Z""","""2025-11-27T19:29:00.000Z""","true","05223b3d-478c-4f32-84e4-9b0fdbcc41e7","""2025-11-27T10:06:05.872Z""","""2025-11-27T10:06:05.872Z""","true"
"d9b61a2a-f4a2-4209-b34c-ad958ef8132a","""2025-12-03T00:00:00.000Z""","""2025-12-03T19:27:00.000Z""","true","5f85920d-d7d2-49d3-90b7-12b3c1106305","""2025-12-01T00:00:02.837Z""","""2025-12-01T00:00:02.837Z""","false"
"d9b9b12d-a7d6-43fb-a619-e6f48d76ce5e","""2025-12-04T00:00:00.000Z""","""2025-12-04T19:23:00.000Z""","true","c25d51da-d821-4181-8c06-37f809e120e2","""2025-12-02T00:00:12.499Z""","""2025-12-02T00:00:12.499Z""","false"
"dd725836-b886-4e1e-9392-0e3642d4902c","""2025-12-02T00:00:00.000Z""","""2025-12-02T15:39:00.000Z""","true","bf564e38-a133-42a7-ab5c-37b4f7711849","""2025-11-30T00:00:42.482Z""","""2025-11-30T00:00:42.482Z""","true"
"df615b21-dc29-4367-9028-c51f5ac6b119","""2025-11-29T00:00:00.000Z""","""2025-11-29T15:23:00.000Z""","true","18f688a4-439a-46ff-a829-2106095aa268","""2025-11-27T10:06:08.261Z""","""2025-11-27T10:06:08.261Z""","true"
"df8089b9-01dd-4c98-bbb8-2291a0536b88","""2025-11-28T00:00:00.000Z""","""2025-11-28T22:56:00.000Z""","true","13a49478-7c1a-4ddd-b618-0c3c6946439e","""2025-11-27T10:06:07.874Z""","""2025-11-27T10:06:07.874Z""","true"
"df84569e-cb00-470c-ba2e-de377315c25d","""2025-12-04T00:00:00.000Z""","""2025-12-04T21:54:00.000Z""","true","c2f1d65e-1808-4652-87b4-1d912e3307ab","""2025-12-02T00:00:13.053Z""","""2025-12-02T00:00:13.053Z""","false"
"dfd2b71b-2d71-4b82-8261-36f03c30e33c","""2025-12-04T00:00:00.000Z""","""2025-12-04T22:47:00.000Z""","true","5b3f4992-a9b5-4684-8e5a-4eaed9789322","""2025-12-02T00:00:13.238Z""","""2025-12-02T00:00:13.238Z""","false"
"e150c53b-1b09-4283-b843-84f847cdecaa","""2025-11-28T00:00:00.000Z""","""2025-11-28T17:34:00.000Z""","true","0edaac8a-1f93-42e6-a590-e9d68e50aa62","""2025-11-27T10:06:07.110Z""","""2025-11-27T10:06:07.110Z""","true"
"e1e011b2-7ffe-49bd-bc79-06306fcca92f","""2025-12-02T00:00:00.000Z""","""2025-12-02T20:10:00.000Z""","true","2609e006-32b7-46bc-984c-5e82ffe102a3","""2025-11-30T00:00:43.504Z""","""2025-11-30T00:00:43.504Z""","false"
"e1e347db-5251-4723-92a9-8ea802f4c526","""2025-12-02T00:00:00.000Z""","""2025-12-02T14:14:00.000Z""","true","6845a2f2-d9dd-4a19-8545-9edd83194970","""2025-11-30T00:00:42.166Z""","""2025-11-30T00:00:42.166Z""","true"
"e2c27f79-c1d3-4eaf-be8a-c4b04e2ad141","""2025-12-01T00:00:00.000Z""","""2025-12-01T20:49:00.000Z""","true","c6bc7372-1b5b-4006-835f-1874f15aef1a","""2025-11-29T00:00:23.889Z""","""2025-11-29T00:00:23.889Z""","true"
"e325884e-c70b-4d39-9657-29b3ca73eea0","""2025-11-27T00:00:00.000Z""","""2025-11-27T22:56:00.000Z""","true","09488a8f-241b-420d-b088-b9fe71f42c25","""2025-11-27T10:06:06.384Z""","""2025-11-27T10:06:06.384Z""","true"
"e487cd81-2d1b-4510-b712-3e245e664c23","""2025-11-27T00:00:00.000Z""","""2025-11-27T20:08:00.000Z""","true","061021a3-cd0a-45b0-b893-61c747a9cc72","""2025-11-27T10:06:05.957Z""","""2025-11-27T10:06:05.957Z""","true"
"e874e86f-c4e3-4ec3-96d3-9b52ce9b72e6","""2025-11-27T00:00:00.000Z""","""2025-11-27T18:53:00.000Z""","true","04a026a8-4d2d-41d1-abb1-b7e2189152c6","""2025-11-27T10:06:05.786Z""","""2025-11-27T10:06:05.786Z""","true"
"e905db6c-0be2-48ba-84bb-a16576b73158","""2025-12-03T00:00:00.000Z""","""2025-12-03T23:50:00.000Z""","true","e41d35eb-b75c-45ef-aaf2-28241f25a637","""2025-12-01T00:00:03.797Z""","""2025-12-01T00:00:03.797Z""","false"
"ec979512-edd5-40ce-9ce6-68199ba3dcd1","""2025-11-28T00:00:00.000Z""","""2025-11-28T21:07:00.000Z""","true","1273af2f-c704-4d1b-a697-16d2068a975c","""2025-11-27T10:06:07.620Z""","""2025-11-27T10:06:07.620Z""","true"
"ede49b33-371c-4553-b05d-f6e9e3454d94","""2025-11-28T00:00:00.000Z""","""2025-11-28T22:23:00.000Z""","true","137e82cf-efee-40ee-8c8b-c9380fde59a8","""2025-11-27T10:06:07.789Z""","""2025-11-27T10:06:07.789Z""","true"
"eebc28b4-6b63-4549-b6e3-b33ad783a1ae","""2025-12-03T00:00:00.000Z""","""2025-12-03T16:34:00.000Z""","true","3cd5c44b-21c6-423b-9a44-19d1dfb81444","""2025-12-01T00:00:02.206Z""","""2025-12-01T00:00:02.206Z""","false"
"eefb2d09-6059-482f-93a9-39dc9cbd06de","""2025-11-29T00:00:00.000Z""","""2025-11-29T22:08:00.000Z""","true","22abdbf2-be50-4f03-bf0d-1909eda27d02","""2025-11-27T10:06:09.295Z""","""2025-11-27T10:06:09.295Z""","true"
"ef623115-9015-4364-a5fb-5e48e494e61e","""2025-11-28T00:00:00.000Z""","""2025-11-28T20:47:00.000Z""","true","11c9ec7d-8d59-433d-af54-a12472c11499","""2025-11-27T10:06:07.576Z""","""2025-11-27T10:06:07.576Z""","true"
"f05c7ae8-675b-45a4-b5cb-6d35d059f385","""2025-12-02T00:00:00.000Z""","""2025-12-02T23:34:00.000Z""","true","b233122e-0c4b-4ad5-a9e8-bf0675d0587f","""2025-11-30T00:00:44.261Z""","""2025-11-30T00:00:44.261Z""","false"
"f3f1725b-ae70-4b4c-bfd6-4bf8091d6249","""2025-12-01T00:00:00.000Z""","""2025-12-01T17:53:00.000Z""","true","e663c4c5-be3b-4cbd-bcf1-6cf4d80e82f8","""2025-11-29T00:00:23.274Z""","""2025-11-29T00:00:23.274Z""","true"
"f4dcd9f2-5bbf-4e0c-bf50-2fb7bc49ac46","""2025-12-02T00:00:00.000Z""","""2025-12-02T20:47:00.000Z""","true","91f87536-aa17-4214-8221-260be149672d","""2025-11-30T00:00:43.630Z""","""2025-11-30T00:00:43.630Z""","false"
"f54593df-991a-426b-988e-95efed38393a","""2025-11-29T00:00:00.000Z""","""2025-11-29T22:38:00.000Z""","true","23d0d6d0-e461-48bb-ae42-4207bae65ebc","""2025-11-27T10:06:09.381Z""","""2025-11-27T10:06:09.381Z""","true"
"f5b59bad-99a8-40ca-9b6e-3555259b9eed","""2025-12-03T00:00:00.000Z""","""2025-12-03T15:39:00.000Z""","true","40394422-3355-42d2-a811-f455f3acdc9d","""2025-12-01T00:00:02.017Z""","""2025-12-01T00:00:02.017Z""","false"
"f9452b5f-c334-434c-99b5-43336883bf83","""2025-11-27T00:00:00.000Z""","""2025-11-27T20:57:00.000Z""","true","073bebc9-7dd3-4eec-8eab-ee70760dbf0f","""2025-11-27T10:06:06.084Z""","""2025-11-27T10:06:06.084Z""","true"
"f96d4014-32d6-4e44-81d9-0d890f5fb39c","""2025-12-03T00:00:00.000Z""","""2025-12-03T16:52:00.000Z""","true","d43114e1-5b74-4fb7-a68c-aa46fce54ebd","""2025-12-01T00:00:02.269Z""","""2025-12-01T00:00:02.269Z""","false"
"fc50f97d-df70-4a16-9596-2fcb3434cc39","""2025-12-04T00:00:00.000Z""","""2025-12-04T20:45:00.000Z""","true","b3498438-514c-4bcc-af24-697d165eda53","""2025-12-02T00:00:12.807Z""","""2025-12-02T00:00:12.807Z""","false"
"fd56caf1-c154-4ea5-b941-38d6780c988f","""2025-11-29T00:00:00.000Z""","""2025-11-29T16:51:00.000Z""","true","1b8977f8-3ba9-4f6d-8f81-4b45b54e47e5","""2025-11-27T10:06:08.473Z""","""2025-11-27T10:06:08.473Z""","true"
"fe0285b6-bf59-4a54-8a0e-dbc68f31d51b","""2025-12-02T00:00:00.000Z""","""2025-12-02T21:53:00.000Z""","true","3a9d1377-66a7-4b5a-8afc-6cb7f665943a","""2025-11-30T00:00:43.883Z""","""2025-11-30T00:00:43.883Z""","false"
"fe0f7eaf-bc54-40da-afeb-ae0b5d155f36","""2025-11-29T00:00:00.000Z""","""2025-11-29T18:33:00.000Z""","true","1d39a9bb-0194-4303-a1a6-4b4c6dc99bc7","""2025-11-27T10:06:08.729Z""","""2025-11-27T10:06:08.729Z""","true"